Rank,Wallet,Points,Wins,Games_Played,Win_Rate_Pct,Checkin_Streak
1,0xa4df87d8940ac70ac8a33db79bb1057238b490e4,517200,122,406,30.0,42
2,0x7b92e59b2de9368e71843f9894ed63bfeebaaee7,466595,133,257,51.8,65
3,0x99d84fe94f93a82c806f05c6bf59f6b1f7fd28dd,234917,151,156,96.8,60
4,0x4cc29ec8fbcc5c15b6a104c9d5882365f342d9a5,184683,118,173,68.2,10
5,0x070441c0f583752ec53efb18903ecef0a53b65d0,156848,138,241,57.3,1
6,0x22faa37821ea08fc44613f0165c7e0f9b1d387e0,110622,101,119,84.9,71
7,0x4dba871eab6b60fa9a9076f03fd979790d38dbf2,107472,100,119,84.0,71
8,0x2c704b06afc45f418eb6ef88ab718a7418821e85,91202,3,8,37.5,39
9,0x06a378f203d09402026dc3b40c8a37313033c11b,83387,101,137,73.7,5
10,0xc08d04e84f9de01f7d3e2b79526f5c0ffbee6d9f,83268,2,3,66.7,71
11,0x026f3292ce2baada77ac4107b74a4afd226bd13a,74502,1,2,50.0,38
12,0x18c79ab5eb79810233fbc748cce4c0a866a379c8,68293,100,102,98.0,37
13,0xab8ecb62d746cbe15a835652522cbadf17fa0bfd,39876,9,21,42.9,2
14,0xeddb6c849ad08abf7e8db346a4e3f78028431cbc,38729,100,106,94.3,72
15,0xef9c07eeef85fa04bd49f15ddac6a85a82c67944,23100,100,101,99.0,38
16,0x24e6d7eca78f48cf61565d585d80f5a940aded56,19068,15,26,57.7,1
17,0xb19cf92a4bb9e77fa99de29ad5566c7b365a262a,10805,1,148,0.7,7
18,0xcf47e38a7c03e6639453776ce69f1c2d50703525,9635,1,1,100.0,61
19,0x415d026b4e1b60ae8e0e80c8c82ddd443bec4038,8678,1,8,12.5,1
20,0xac17c943208ab5c90594135119b5d2e7dd61a752,8625,1,1,100.0,8
21,0x1dcc564f97cc481ecfa6ad5ebe65d5c3837ff6c2,8610,1,1,100.0,2
22,0x9c819eb9a4050a7395aef07694878160a6733ed5,8419,0,1,0.0,5
23,0x6c54932a6d4c30aba9ee61d3073ff13b61bd8477,8264,0,1,0.0,5
24,0x05395a8223dc8d653f9f852da68860534a3d5c51,8103,6,10,60.0,2
25,0xeddc66047c9efa13af96e1e383474fb6802e1581,8010,1,1,100.0,8
26,0x5d65ad384c62b399186e5bef3a979442405a001d,7940,1,1,100.0,16
27,0x04f1873e2c314f41891c0dac0a40a8881e2e2b62,7913,0,1,0.0,16
28,0x2f390d8107f20e99a56f12a17da645fe97fec432,7895,1,1,100.0,8
29,0x19ab07a4da9c07ec459171498d1be221798c1d47,7022,0,1,0.0,1
30,0x30dbd67ebca12d2726e4933688bf5e57a1dd2281,6080,1,1,100.0,1
31,0x102e1a60a174987cccc1c9821072fa8f3f91a345,6005,0,0,0.0,1
32,0xa45df6c9e486bdcd8fef7f7e315cc3a9c787f5cf,5549,9,20,45.0,1
33,0x5b970b965e4321e604c56e3432dae18f2026718f,5411,3,5,60.0,44
34,0x84a7cf163792693aa38394fc92069cd24fc5289f,5079,1,2,50.0,37
35,0xed2fc925b6cf89314e08e781f1f608f43a3af3ec,4924,2,3,66.7,45
36,0xe05690ff4fdc212dcd05d5f5e64d8b7e71e5ce95,4130,0,2,0.0,1
37,0x6efbfc09e8ab4a0056edc6f96df26980084754ed,3519,0,1,0.0,1
38,0xe5ffd028a9c9e477d47be6bfcaab29c49486e63a,3175,0,0,0.0,1
39,0x9a79dc36a4ce501b57ee51575e46423afe6eb07d,3020,0,1,0.0,1
40,0xc5a0d664536c8734fe9219f59dfe73f4c45653a3,2940,2,2,100.0,1
41,0x2bb0f04675cf73cd7fb5c3aba05cb23380193e33,2588,1,2,50.0,1
42,0xd94ade2dbf6dad8078969eeb85d97a35df6bc596,2500,0,0,0.0,1
43,0xede6f5532ef6e2614b7352a6808bf40d566b2b75,2500,0,0,0.0,1
44,0x31fbe17c284699471ab6cfda715badea4688d6b2,2170,0,0,0.0,1
45,0x59fa0fdcd2a31e505237e88e084199a2e4c5a9fb,1770,1,1,100.0,1
46,0xb6b1fa832e713bfd8998197fb7e412965362f8f1,1695,1,2,50.0,1
47,0x918a7bcb5f02e8daef85fc0436520a367a677fe4,1590,1,1,100.0,1
48,0x99506354be2cb5cccc0341cbab32ad8459dd7215,1570,1,1,100.0,1
49,0x95208b2164ba9f8244b3f7231e60eb66214c26b9,1570,1,1,100.0,1
50,0x136e684d8e92b427f5c375c31ecfe779f4546528,1525,1,5,20.0,1
51,0x13828b3c36f3a52ded326eb86ce0c9e65593161c,1519,0,1,0.0,1
52,0xdee696441ed466e362cd6d9f325a9db5ea474b86,1519,0,1,0.0,1
53,0xc4abf2a5b158d75b8ece9b1f14a593247a17482d,1518,0,1,0.0,1
54,0x0345c0f94bfbb60f56340b64cf8b1fe613eaf4f6,1515,0,1,0.0,1
55,0x5b55a93fe4e5d1c4b8a5b1214e4376c5fb9ea242,1515,0,1,0.0,1
56,0x8d2f5ead15a6599171e35bf7b5f6bcebc080eb98,1514,0,1,0.0,1
57,0x855216a770fd7be1e5715880d29796f189f0721e,1511,0,1,0.0,1
58,0xdb80442f58d1ca37cfbe18e63cdc8ffb2499b213,1506,0,1,0.0,1
59,0x480f8553ceb1df6bc6aaa7ed089ce650db00056e,1292,2,5,40.0,1
60,0x66e219df2ab49418efa8afc1de1054cfac1705b4,1170,0,0,0.0,1
61,0xb0286934a79450798b241eddc1c88ab88d390036,1165,0,0,0.0,1
62,0x85cf13e2586414e720b0e4e11dc27470d1c11cf7,1165,0,0,0.0,1
63,0x1e513c4cfc7bae40a75c2d447b32be640412d1a4,1160,0,0,0.0,1
64,0x0bd62225dfafd41b6bd7034a458f5e4b9b6aed56,1155,0,0,0.0,1
65,0xb380ee87f0ab92c45eff66f2d6bf355dd50697a9,1155,0,0,0.0,1
66,0x335fb68e94ad31f552ee0e96e4708ed27080671e,1150,0,0,0.0,1
67,0xa9a4f5b283d21d8215fc669bcfefaba952faffe9,1116,1,4,25.0,1
68,0x372faca597862bb7be03cacdc88a6f87e7950ff1,1104,1,2,50.0,1
69,0x7eb0a796167694236044938dd63afa7d0f8b0117,1075,1,1,100.0,1
70,0x7e637f83ee4b692d49606b05a79a81bc024044ae,1075,1,1,100.0,1
71,0x3667ee30864799f7191467223355c929872b4388,1070,0,0,0.0,1
72,0x185723f0498e98e463a57b318455baa261638251,1070,0,0,0.0,1
73,0x023e2bc6a2ddd8d502dfdf338af85f12ee36c7e7,1065,0,0,0.0,1
74,0xee6882de3ec6d0923430f6b86db12a63695fc215,1060,0,0,0.0,1
75,0x4b44d0b20668afb2377f0cbf3c4dc914162cfc23,1060,0,0,0.0,1
76,0x0d923910e537ea1ee6770d626464ad03f748adb4,1055,0,0,0.0,1
77,0x24a705d656ceb871054a2a88bd513e5086143091,1055,0,0,0.0,1
78,0x40f3ffbbc1cccd0294068b6b77a7ec168b5c010c,1055,0,0,0.0,1
79,0x98d3f4efb900657da6fc1988854b992b19688996,1050,0,0,0.0,1
80,0x423ce4e98cd1a76de32cb7d2868fce0bc296dd5e,1050,0,0,0.0,1
81,0x7b67a29d1e9fd5105bd75968d4df22b6c543a444,1024,0,1,0.0,1
82,0x11c114acf3a6e645561e43df1f0925de9c9fc633,1020,0,0,0.0,1
83,0x096a90f1d1c694c7f603f745fb078bc67fc3662c,1015,0,1,0.0,1
84,0x7895cb90e006f7ffe65330d160b6db6965d6f05e,1012,0,1,0.0,0
85,0xc54a1370607d067503d0c3374d81870a16fce7a9,1011,0,1,0.0,1
86,0x6dd74ed23a28ddf4be30fff8df4db4a30d886fe0,1009,0,1,0.0,0
87,0x0afc6499deac10ef95036a095fab944f2bd002ff,1008,0,1,0.0,0
88,0xe4dd429e454144b63e07508daba51bf7a268eaf2,1005,0,0,0.0,1
89,0x10a54545cb38be87c89eb3b614ffe63771810fe3,1005,0,0,0.0,1
90,0x252ac4f0eead9412782fe0ac089213464dfe0e26,1005,0,0,0.0,1
91,0x5cb26dba85549163f851e19d24413273fb4493ac,1005,0,0,0.0,1
92,0x5e6ebe851629d9d9b6332c38281a57b0b3114441,1005,0,0,0.0,1
93,0x9ade15e8c86251a429118bee28cef5024040643a,732,12,21,57.1,1
94,0x60a46fac75bdf78f5d7b2ce158729b6d6943cfd5,698,6,9,66.7,1
95,0x9c88fb6de0a4dd1a5f4fcbc8d0ee33924ec54bd9,669,2,3,66.7,1
96,0x0d21e0982cd4ada9ddb6d189f0b9da2332702a42,555,0,0,0.0,1
97,0x3a048134dc59579d8c7e724d1c1aa43f75511336,555,0,0,0.0,1
98,0x5bfe40e43dc0048e1c9ff86b653fff0944ad8e4f,550,0,0,0.0,1
99,0xd275fd59759571dafa78256262cfc9e63eb49546,550,0,0,0.0,1
100,0xef84eb42b573c383a36ed3ccab16a3cc43f96acb,550,0,0,0.0,1
101,0x1bf512ddaaaabaeee6d902162cab6e785c3a1780,550,0,0,0.0,1
102,0x4638e26e507d307de009b1e406ec53c5bae92770,550,0,0,0.0,1
103,0x457fab6eef3212506897d94c343f77e2004f27f4,550,0,0,0.0,1
104,0xea70a647e7bf4427020774fc5bb1aa00051a618d,550,0,0,0.0,1
105,0xd238dbb3700fe0d89f467eb297f8da7f433c5297,550,0,0,0.0,1
106,0x2be31d890dfb34b713586a806941eaca6f5539ab,544,0,1,0.0,1
107,0x31e9da69eaf38ed21143db1548b07609f6d825c0,500,0,0,0.0,1
108,0x8e6782f80dc4a76b36afccd6401010533e397c28,500,0,0,0.0,1
109,0x45b28ddada14f0b812ba6348926e4ee41078e48b,500,0,0,0.0,1
110,0xf577c76ac482256673a75c0b9d443bc0210d188a,500,0,0,0.0,1
111,0x4deb9ea22dc2f40c1d381fd263d410ad68897b2d,500,0,0,0.0,1
112,0x8df99369cc170f217df5192e6e5aed357cf2de42,500,0,0,0.0,1
113,0x15252a77cb0c7902f92a65e92ee00beff47dc281,500,0,0,0.0,1
114,0x8eb79196a82d2f23027c3ebd33e5815de37050f3,500,0,0,0.0,1
115,0xf4b1cc6500736ea14a378badfe396d0f240ba1ea,500,0,0,0.0,1
116,0x78f7c9477829a73bd744e2872ad3d1b30bd097c1,210,1,2,50.0,1
117,0xa725c4600d97365e1d6d80ad65e17885f43de282,160,3,3,100.0,1
118,0xeb45918a1efc99c84fa337e36a2f84317a9de1b8,140,1,1,100.0,1
119,0x286e0ca748d24d5785c8ca61b5413ec66b532af9,120,1,3,33.3,3
120,0xeb8fef686fd82c14c1ae85122b2fcf53ebc021bf,99,1,2,50.0,1
121,0x4d4e529a918f96e57f3703fa5534e3b1e15dac95,95,1,2,50.0,1
122,0xc3db1cfd7fa52eabb988328dd79de77ae56b0889,90,1,1,100.0,1
123,0xcb8da191602a4025366ca9fbf532d8a3900ac4da,85,1,1,100.0,2
124,0xb8c00ee905015e1fda543672d02e9d2300494a44,75,1,1,100.0,1
125,0x7b0fd72a9d9e875a2181ee45c1c69dcb57350b22,75,1,1,100.0,1
126,0x0ec23c798c1ab60d189ac4ded17cc1c1f4753101,75,1,1,100.0,1
127,0x60a74214f118870522c350b8ae2cb129fe452409,70,1,1,100.0,0
128,0xd378b1f80f9c6720dbf8d4606d6a7a738b5fe1c3,70,1,1,100.0,0
129,0xac03139a0196e29aa4fc4707fd3d38c0399f3f23,70,1,1,100.0,0
130,0x527d396171138366c24223f25b40db069125b0a0,70,1,1,100.0,0
131,0x45520f275178d09ecfe232222997098e2ac02384,35,0,0,0.0,1
132,0xff35320bb62e21eff9177fc5665f2b3af957989c,30,0,0,0.0,1
133,0xc1f112812562a2e7bebd01d5beb8ca1659529a15,30,0,0,0.0,1
134,0xbc57eb3b787aa22fd1fb9d8ba8314e6c66863439,25,0,1,0.0,1
135,0x855e3bdb736411d16032f964f77015282c182833,25,0,0,0.0,1
136,0x22595a4d2c9ddf00e6a0240c81775bea5d718a1e,25,0,0,0.0,1
137,0x9807727cb6f40865890c646a23b7dae4ab7a062b,25,0,0,0.0,1
138,0x4de012438f9ed32d2ec4ad40a15a5ada50e640cf,24,0,1,0.0,1
139,0x8623baabf355178d695521324fb2c5e684e71fb0,24,0,1,0.0,1
140,0x30fb52adf1c19791d01e4752b5eb76868a837b39,22,0,1,0.0,1
141,0x6434f86ddc9b3557dc211815c60b8c101edcebae,22,0,1,0.0,1
142,0xf5b211c6e73ef841d2bfae2dcc5fca68f14970b5,22,0,1,0.0,1
143,0x77feb7359ae0fb5c191b5662763e10e803879434,20,0,0,0.0,1
144,0x41759751ad0081324f553d03accc661ce047d4ad,20,0,0,0.0,1
145,0x68cf462083c73dbb86b8a7606436ca928b4d57fe,20,0,1,0.0,1
146,0x6d71b2d5324afac4acc47650c5748d420983d8f5,20,0,0,0.0,1
147,0x99ea7c168a3d6c8483c9daa2e704225a923ab24f,20,0,0,0.0,1
148,0xfb91893cc86d98e484dbdfbcfdd4b6f7a3abbce7,19,0,1,0.0,1
149,0xe19eda29facf7205dbc27491467a3fabde7396f6,17,0,1,0.0,0
150,0x08d4a3c775546ebebc030977b6e52403d9bf7ced,16,0,1,0.0,1
151,0x1b1f7a116644d62976c826c7cf91db7130540d24,16,0,1,0.0,1
152,0x6fe0908c921728193641cdd1891a895119ce022b,15,0,0,0.0,1
153,0x3169f6c8465082b62c1b52bb79ffdcd2d0422973,15,0,0,0.0,1
154,0x57fedfb252a2119284e670107d8147435b2b93af,15,0,0,0.0,1
155,0x1ab8a7f71e00af41f3ec82a57aef0dead0659319,15,0,0,0.0,1
156,0x7510099c955b138e08268d8505606a386284fabc,15,0,0,0.0,1
157,0xbe84367d7dfa00e5191310982ba2036bf9e95684,15,0,0,0.0,1
158,0xaddf0b1b1a78b2671a760aec7c9aad538b27b01d,15,0,0,0.0,1
159,0x428918fa22db0f356f977136bb0e06c6f7db7559,15,0,0,0.0,2
160,0x1f3074d5d60a1a4a650d7a05f958564a0278bfe0,15,0,0,0.0,1
161,0x73f4e7d9b452a607698d0927552687c2164192be,15,0,0,0.0,1
162,0xcea61c97591d791ee0f7598e096650cb5ca22e44,15,0,0,0.0,1
163,0x5cfb9a174a2e04e18c935e190d11c3542a13ce9b,15,0,0,0.0,1
164,0x1472a8f98cc0ce9b3c809776ac490da2858eaeda,15,0,0,0.0,1
165,0xd90ddebd9daaa5ccaee4122bf38e979a2fdf1691,15,0,0,0.0,1
166,0x591a8f9889637ed50567f6c827c5fc596743575e,15,0,0,0.0,1
167,0xd240d168548104625129adef768ce08f40d77f3b,13,0,1,0.0,1
168,0x1665d750b04765e3c51fe472bcf2944856e0e36e,10,0,0,0.0,1
169,0x0cd9185a95257c930fe129eff5f4fadd4ef1d392,10,0,0,0.0,1
170,0xa42278e24ce7675bc3d018fce8da9320aceb2120,10,0,0,0.0,1
171,0x244f34516d6bfa0ba35360608031e109e03803d7,10,0,0,0.0,1
172,0x48b1cca591039392bb47049fdd488be078cbd773,10,0,0,0.0,1
173,0xdadef63fe0b68b007916d4874a13416f1dcd1cef,10,0,0,0.0,1
174,0x223fe0a9d906766c879cc49c15b58da4a75d5b31,10,0,0,0.0,1
175,0x02458ee0bc17461402f62753e71d441c1b504964,10,0,0,0.0,1
176,0xb2a35f421ec0f1d744df961aa1b5569d83596137,10,0,0,0.0,1
177,0x2a782dbbab05039749462a9b37550eb2452cb541,10,0,0,0.0,1
178,0xce85d486ca8aa5e7329032f5c5d3d353f8c777e9,10,0,0,0.0,1
179,0x2dadeda69ab8a88f1b11904deb764d931df80d00,10,0,0,0.0,1
180,0xcd6816b3c5ca9269a285630a41d9e512acf1f949,10,0,0,0.0,1
181,0xa66d57680c75e955cf9da0c10881cb8dedca35e2,5,0,0,0.0,1
182,0x571610bd4c6d5b5715f46fd6212df94b6233790c,5,0,0,0.0,1
183,0xdaf2df9cdc09128365710ddf3e8175f5be5dff91,5,0,0,0.0,1
184,0xd36b76622ab2744f796b8f34ba866b06a4e5ec24,5,0,0,0.0,1
185,0x69b85d8e399524bda51eeac20ec3117de8d69efe,5,0,0,0.0,1
186,0xea1c42ba01cf6495d012ba706d08ee574543c6f3,5,0,0,0.0,1
187,0x6b3428842d32a91b99946aed9d8991351e69852b,5,0,0,0.0,1
188,0x57a3705a034e99a768ccf26042adcea1acba473f,5,0,0,0.0,1
189,0xa554e7c368ba786d1b62fc332d51df6b3d7d4a87,5,0,0,0.0,1
190,0x4f40d487499ad122998f37f028184780a981b9be,5,0,0,0.0,1
191,0x4c506df45dc92f1ae8f24af32a78ac5fac04e007,5,0,0,0.0,1
192,0x79ff946b0474010f545253f04456793c02386192,5,0,0,0.0,1
193,0x74369e88616b7bb2049b10cdb493fc1c0d789c8a,5,0,0,0.0,1
194,0xeb851ca41a303fc4e4516fa190e0d579d086cf26,5,0,0,0.0,1
195,0x5e6bc0635eb3484a3ef4ccc8074b3b9af0c9e4af,5,0,0,0.0,1
196,0xaa6d7228dfb6ef76b21addd4d61b88e4b3b83fb7,5,0,0,0.0,1
197,0x052846539619552c4fb95230655f70a43e812c89,5,0,0,0.0,1
198,0xfb61376efccfd0e658d5b60ded29dcc6fc4f338f,5,0,0,0.0,1
199,0xaa71f635854610d90d8b5c707b7d1bcbca68a853,5,0,0,0.0,1
200,0xb8245be649bc4d70246e63af1f322fcd35ef66f2,5,0,0,0.0,1
201,0xccf21d547cf2552de2b3a5f67e979592d3c8b36b,5,0,0,0.0,1
202,0xa5e0938e000a3f6a78f178610b0ea3ebe4ef4243,5,0,0,0.0,1
203,0x4fd0f7217fa35957c9c099addc22cde278d6de19,5,0,0,0.0,1
204,0xc819d332c34c2872e93e91bff85ba6fd364de0c9,5,0,0,0.0,1
205,0xb7834bd22487abe4a67ecff23dc3f3ab8a17bcfe,5,0,0,0.0,1
206,0x79e7310054028646e00c77a471866775f3d3b72e,5,0,0,0.0,1
207,0x3407ff1dd81bf22ca95e01fe631541ea8dce5963,5,0,0,0.0,1
208,0xb6adca494b002dd874647332ce7abb81d682c028,5,0,0,0.0,1
209,0x47f1771f8c97edcbf6918a87c3f905f9e26a9d74,5,0,0,0.0,1
210,0xe19be65e3d884c7aef28dccfe012cdb2e1447e6c,5,0,0,0.0,1
211,0x0614e1ad3a44f3476e856c54b5a17511b25ef344,5,0,0,0.0,1
212,0x2d4ad3b8c3becad3eacc1db7cb97d2a2ab0ae1c5,5,0,0,0.0,1
213,0xe9eeca629e1dcfe84de54cbc18a49101f29bc3d5,5,0,0,0.0,1
214,0xdc46dbf504f31f5fdf1ad380aeb181aba5583eeb,5,0,0,0.0,1
215,0x166d4ef7963adb795c6dc6cd315d8136f87a2c4d,5,0,0,0.0,1
216,0x30c1c288b6f40d33175faa7e4b56c0c3f70bf50c,5,0,0,0.0,1
217,0xc4f2215cdd3e5c6a2467bc0486e6ad6e19751aa0,5,0,0,0.0,1
218,0x5c354049bc51f5dd3fec54c594c86b2f11a7b3a7,5,0,0,0.0,1
219,0xa0eb325f23e301cc0f74ce43a15a9fe9f7b01ba6,5,0,0,0.0,1
220,0xaa2783252e7bfd0a29823d8fc2055a87a7f71f95,5,0,0,0.0,1
221,0x8f49b1c3e2fad8e9d4b86c9da116ac1973d33e56,5,0,0,0.0,1
222,0x182a448a9a47f9db4bd58df623f46c09823f59f5,5,0,0,0.0,1
223,0xbe95e83d0d8fa2df1054e64fbb29405892341723,5,0,0,0.0,1
224,0x64506e3b8cf8c0e4f91a740d46e9ca34806a335a,5,0,0,0.0,1
225,0x697359214823be416f94f223066984a4ab8c816a,5,0,0,0.0,1
226,0xe01096e9683abe6e4146c2c77267a2963bbcb527,5,0,0,0.0,1
227,0xfe4878a598ff301b8f063b548ad0cafc2b514954,5,0,0,0.0,1
228,0x05189f67d6c99915061f9bec7924a546e918ad86,5,0,0,0.0,1
